"Date","Price_TOPIX","Open","High","Low","Vol.","Change %"
"May 06, 2018","1,777.44","1,773.90","1,785.03","1,764.18","-","0.33%"
"Apr 29, 2018","1,771.52","1,774.36","1,776.89","1,767.57","3.22B","-0.32%"
"Apr 22, 2018","1,777.23","1,753.16","1,780.38","1,749.04","7.64B","1.49%"
"Apr 15, 2018","1,751.13","1,732.09","1,761.61","1,726.68","7.12B","1.26%"
"Apr 08, 2018","1,729.36","1,716.28","1,742.40","1,715.55","7.23B","0.59%"
"Apr 01, 2018","1,719.30","1,716.32","1,732.32","1,687.00","6.80B","0.17%"
"Mar 25, 2018","1,716.30","1,649.60","1,721.04","1,645.16","7.10B","3.08%"
"Mar 18, 2018","1,664.94","1,729.60","1,735.12","1,661.23","5.69B","-4.13%"
"Mar 11, 2018","1,736.63","1,740.67","1,751.03","1,727.44","6.19B","1.23%"
"Mar 04, 2018","1,715.48","1,697.11","1,741.16","1,687.29","7.24B","0.42%"
"Feb 25, 2018","1,708.34","1,774.76","1,794.92","1,700.65","7.23B","-2.96%"
"Feb 18, 2018","1,760.53","1,753.15","1,775.15","1,737.58","6.46B","1.33%"
"Feb 11, 2018","1,737.37","1,751.23","1,751.23","1,691.65","6.80B","0.31%"
"Feb 04, 2018","1,731.97","1,837.56","1,842.17","1,707.07","11.33B","-7.09%"
"Jan 28, 2018","1,864.20","1,881.38","1,889.11","1,836.68","8.37B","-0.81%"
"Jan 21, 2018","1,879.39","1,890.78","1,911.31","1,878.89","7.38B","-0.55%"
"Jan 14, 2018","1,889.74","1,888.63","1,906.39","1,874.78","7.49B","0.72%"
"Jan 07, 2018","1,876.24","1,895.08","1,895.26","1,872.86","6.54B","-0.22%"
"Dec 31, 2017","1,880.34","1,841.20","1,880.34","1,840.40","3.37B","3.45%"
"Dec 24, 2017","1,817.56","1,830.79","1,833.28","1,815.96","5.02B","-0.63%"
"Dec 17, 2017","1,829.08","1,807.50","1,830.13","1,806.03","7.67B","1.99%"
"Dec 10, 2017","1,793.47","1,809.16","1,820.86","1,787.04","8.43B","-0.57%"
"Dec 03, 2017","1,803.73","1,801.50","1,803.84","1,761.18","8.20B","0.40%"
"Nov 26, 2017","1,796.53","1,787.94","1,807.86","1,767.11","8.63B","0.90%"
"Nov 19, 2017","1,780.56","1,756.38","1,785.19","1,753.88","5.92B","0.95%"
"Nov 12, 2017","1,763.76","1,798.04","1,798.04","1,737.72","9.22B","-2.04%"
"Nov 05, 2017","1,800.44","1,798.02","1,844.05","1,784.36","10.34B","0.35%"
"Oct 29, 2017","1,794.08","1,770.94","1,794.38","1,758.81","8.18B","1.30%"
"Oct 22, 2017","1,771.05","1,747.73","1,771.65","1,741.78","8.70B","2.33%"
"Oct 15, 2017","1,730.64","1,713.33","1,733.77","1,711.37","7.80B","1.29%"
"Oct 08, 2017","1,708.62","1,684.66","1,713.65","1,683.93","6.40B","1.27%"
"Oct 01, 2017","1,687.16","1,677.77","1,690.70","1,671.05","7.30B","0.74%"
"Sep 24, 2017","1,674.75","1,674.33","1,676.92","1,658.90","7.85B","0.61%"
"Sep 17, 2017","1,664.61","1,655.89","1,679.83","1,654.96","7.47B","1.57%"
"Sep 10, 2017","1,638.94","1,607.69","1,642.56","1,606.98","8.41B","2.85%"
"Sep 03, 2017","1,593.54","1,613.59","1,616.04","1,578.66","8.29B","-1.61%"
"Aug 27, 2017","1,619.59","1,600.70","1,624.37","1,589.05","7.84B","1.42%"
"Aug 20, 2017","1,596.99","1,601.02","1,611.06","1,592.20","6.96B","-0.02%"
"Aug 13, 2017","1,597.36","1,602.18","1,622.26","1,592.23","8.15B","-1.23%"
"Aug 06, 2017","1,617.25","1,640.47","1,642.34","1,610.46","7.19B","-0.87%"
"Jul 30, 2017","1,631.45","1,618.99","1,638.61","1,616.49","9.19B","0.63%"
"Jul 23, 2017","1,621.22","1,619.23","1,636.53","1,613.08","8.65B","-0.54%"
"Jul 16, 2017","1,629.99","1,621.21","1,634.96","1,610.79","6.64B","0.28%"
"Jul 09, 2017","1,625.48","1,617.38","1,628.61","1,611.54","8.24B","1.15%"
"Jul 02, 2017","1,607.06","1,613.65","1,625.87","1,602.47","8.59B","-0.30%"
"Jun 25, 2017","1,611.90","1,611.29","1,627.54","1,604.82","8.81B","0.03%"
"Jun 18, 2017","1,611.34","1,597.21","1,625.05","1,596.09","8.04B","0.96%"
"Jun 11, 2017","1,596.04","1,588.35","1,602.91","1,581.68","9.27B","0.28%"
"Jun 04, 2017","1,591.66","1,605.39","1,612.91","1,585.22","9.32B","-1.27%"
"May 28, 2017","1,612.20","1,569.93","1,613.18","1,562.78","8.67B","2.73%"
"May 21, 2017","1,569.42","1,566.64","1,582.66","1,562.05","7.98B","0.62%"
"May 14, 2017","1,559.73","1,572.11","1,590.70","1,547.99","10.39B","-1.33%"
"May 07, 2017","1,580.71","1,569.15","1,588.84","1,568.83","11.11B","1.96%"
"Apr 30, 2017","1,550.30","1,531.45","1,552.83","1,530.31","3.62B","1.21%"
"Apr 23, 2017","1,531.80","1,507.80","1,538.89","1,500.88","9.87B","2.90%"
"Apr 16, 2017","1,488.58","1,452.15","1,491.24","1,452.15","8.69B","2.02%"
"Apr 09, 2017","1,459.07","1,500.55","1,503.70","1,456.18","9.15B","-2.06%"
"Apr 02, 2017","1,489.77","1,518.90","1,523.59","1,476.77","10.64B","-1.51%"
"Mar 26, 2017","1,512.60","1,529.26","1,545.60","1,512.60","9.49B","-2.03%"
"Mar 19, 2017","1,543.92","1,560.62","1,565.92","1,523.11","7.23B","-1.40%"
"Mar 12, 2017","1,565.85","1,570.33","1,578.51","1,560.82","8.69B","-0.52%"
"Mar 05, 2017","1,574.01","1,554.20","1,574.87","1,544.89","8.47B","1.02%"
"Feb 26, 2017","1,558.05","1,537.75","1,575.21","1,525.16","9.74B","0.51%"
"Feb 19, 2017","1,550.14","1,540.04","1,559.51","1,535.92","9.27B","0.36%"
"Feb 12, 2017","1,544.54","1,558.72","1,559.22","1,537.73","10.15B","-0.13%"
"Feb 05, 2017","1,546.56","1,528.89","1,547.59","1,509.20","9.31B","2.08%"
"Jan 29, 2017","1,514.99","1,542.62","1,543.99","1,507.08","9.81B","-2.21%"
"Jan 22, 2017","1,549.25","1,519.27","1,553.28","1,504.31","9.83B","1.03%"
"Jan 15, 2017","1,533.46","1,540.64","1,543.72","1,495.03","9.04B","-0.74%"
"Jan 08, 2017","1,544.89","1,550.67","1,557.67","1,528.50","7.45B","-0.54%"
"Jan 01, 2017","1,553.32","1,533.04","1,558.45","1,532.56","6.28B","2.29%"
"Dec 25, 2016","1,518.61","1,540.98","1,544.83","1,508.01","8.42B","-1.63%"
"Dec 18, 2016","1,543.82","1,546.09","1,558.75","1,535.82","7.64B","-0.44%"
"Dec 11, 2016","1,550.67","1,537.90","1,555.04","1,520.23","11.95B","1.66%"
"Dec 04, 2016","1,525.36","1,470.42","1,526.97","1,462.07","12.81B","3.21%"
"Nov 27, 2016","1,477.98","1,457.89","1,498.74","1,456.76","12.47B","0.92%"
"Nov 20, 2016","1,464.53","1,435.49","1,472.63","1,433.06","8.89B","2.53%"
"Nov 13, 2016","1,428.46","1,386.96","1,435.90","1,385.97","12.66B","3.64%"
"Nov 06, 2016","1,378.28","1,363.89","1,398.99","1,287.39","13.83B","2.32%"
"Oct 30, 2016","1,347.04","1,387.32","1,394.92","1,337.62","8.26B","-3.26%"
"Oct 23, 2016","1,392.41","1,366.62","1,392.75","1,361.51","9.09B","1.99%"
"Oct 16, 2016","1,365.29","1,346.24","1,373.18","1,344.46","8.30B","1.34%"
"Oct 09, 2016","1,347.19","1,353.90","1,362.33","1,337.15","6.67B","-0.25%"
"Oct 02, 2016","1,350.61","1,332.14","1,360.20","1,329.06","8.00B","2.10%"
"Sep 25, 2016","1,322.78","1,347.14","1,349.22","1,313.77","8.99B","-1.98%"
"Sep 18, 2016","1,349.56","1,305.17","1,353.52","1,304.75","6.35B","2.90%"
"Sep 11, 2016","1,311.50","1,325.33","1,330.46","1,296.39","8.27B","-2.41%"
"Sep 04, 2016","1,343.86","1,357.01","1,357.41","1,337.36","8.65B","0.23%"
"Aug 28, 2016","1,340.76","1,309.17","1,341.51","1,307.88","8.74B","4.10%"
"Aug 21, 2016","1,287.90","1,300.35","1,310.57","1,287.90","7.21B","-0.60%"
"Aug 14, 2016","1,295.67","1,319.07","1,322.99","1,288.60","8.24B","-2.08%"
"Aug 07, 2016","1,323.22","1,295.61","1,325.57","1,294.23","7.48B","3.38%"
"Jul 31, 2016","1,279.90","1,308.30","1,325.24","1,262.86","10.78B","-3.24%"
"Jul 24, 2016","1,322.74","1,330.59","1,339.06","1,288.88","10.92B","-0.36%"
"Jul 17, 2016","1,327.51","1,326.06","1,347.24","1,316.38","7.47B","0.79%"
"Jul 10, 2016","1,317.10","1,231.26","1,325.64","1,231.07","11.91B","8.86%"
"Jul 03, 2016","1,209.88","1,248.50","1,263.50","1,209.88","9.05B","-3.55%"
"Jun 26, 2016","1,254.44","1,216.70","1,264.40","1,198.57","10.74B","4.15%"
"Jun 19, 2016","1,204.48","1,269.81","1,309.08","1,192.80","10.45B","-3.71%"
"Jun 12, 2016","1,250.83","1,307.97","1,308.57","1,238.37","10.40B","-6.00%"
"Jun 05, 2016","1,330.72","1,317.33","1,350.97","1,311.96","9.04B","-0.49%"
"May 29, 2016","1,337.23","1,359.48","1,380.88","1,329.53","9.87B","-0.94%"
"May 22, 2016","1,349.93","1,337.55","1,357.47","1,319.62","8.55B","0.49%"
"May 15, 2016","1,343.40","1,318.15","1,352.57","1,317.14","9.98B","1.76%"
"May 08, 2016","1,320.19","1,308.11","1,353.03","1,302.90","10.79B","1.68%"
"May 01, 2016","1,298.32","1,316.57","1,316.61","1,289.01","4.64B","-3.15%"
"Apr 24, 2016","1,340.55","1,412.80","1,412.98","1,339.28","9.77B","-4.76%"
"Apr 17, 2016","1,407.50","1,334.49","1,407.99","1,313.35","11.66B","3.39%"
"Apr 10, 2016","1,361.40","1,281.64","1,371.35","1,263.25","10.71B","5.72%"
"Apr 03, 2016","1,287.69","1,296.78","1,313.96","1,250.77","11.07B","-1.05%"
"Mar 27, 2016","1,301.40","1,375.16","1,381.85","1,298.48","10.31B","-4.73%"
"Mar 20, 2016","1,366.05","1,359.99","1,378.25","1,348.88","7.43B","1.56%"
"Mar 13, 2016","1,345.05","1,375.61","1,384.35","1,335.34","10.48B","-1.05%"
"Mar 06, 2016","1,359.32","1,373.78","1,373.85","1,322.14","11.76B","-1.17%"
"Feb 28, 2016","1,375.35","1,325.63","1,376.25","1,284.50","12.60B","4.89%"
"Feb 21, 2016","1,311.27","1,281.74","1,330.23","1,266.69","11.13B","1.51%"
"Feb 14, 2016","1,291.82","1,220.14","1,322.28","1,219.78","14.20B","7.99%"
"Feb 07, 2016","1,196.28","1,351.69","1,388.73","1,193.85","14.46B","-12.61%"
"Jan 31, 2016","1,368.97","1,448.04","1,463.79","1,352.92","15.90B","-4.41%"
"Jan 24, 2016","1,432.07","1,393.87","1,435.31","1,357.54","12.98B","4.21%"
"Jan 17, 2016","1,374.19","1,376.24","1,395.18","1,301.49","12.76B","-2.02%"
"Jan 10, 2016","1,402.45","1,429.52","1,443.01","1,382.37","9.82B","-3.10%"
"Jan 03, 2016","1,447.32","1,532.53","1,544.73","1,441.05","10.95B","-6.46%"
"Dec 27, 2015","1,547.30","1,521.60","1,554.45","1,518.79","4.62B","2.05%"
"Dec 20, 2015","1,516.19","1,526.42","1,547.13","1,512.00","8.23B","-1.36%"
"Dec 13, 2015","1,537.10","1,521.51","1,596.36","1,502.55","11.47B","-0.80%"
"Dec 06, 2015","1,549.51","1,588.76","1,594.56","1,533.79","9.89B","-1.56%"
"Nov 29, 2015","1,574.02","1,593.00","1,607.27","1,569.06","10.33B","-1.28%"
"Nov 22, 2015","1,594.45","1,601.35","1,608.13","1,590.21","7.79B","-0.54%"
"Nov 15, 2015","1,603.18","1,559.34","1,609.76","1,557.75","9.90B","1.09%"
"Nov 08, 2015","1,585.83","1,575.83","1,598.90","1,570.88","11.04B","1.42%"
"Nov 01, 2015","1,563.59","1,539.44","1,566.10","1,523.34","9.36B","0.35%"
"Oct 25, 2015","1,558.20","1,566.61","1,570.06","1,537.36","10.82B","0.67%"
"Oct 18, 2015","1,547.84","1,505.16","1,553.69","1,489.11","9.75B","2.79%"
"Oct 11, 2015","1,505.84","1,506.99","1,514.96","1,462.74","8.76B","-0.61%"
"Oct 04, 2015","1,515.13","1,461.02","1,515.13","1,453.84","11.52B","4.86%"
"Sep 27, 2015","1,444.92","1,447.16","1,454.27","1,371.44","11.51B","-0.61%"
"Sep 20, 2015","1,453.81","1,443.21","1,453.92","1,423.13","5.01B","-0.59%"
"Sep 13, 2015","1,462.38","1,486.20","1,494.53","1,459.02","10.15B","-1.21%"
"Sep 06, 2015","1,480.23","1,432.23","1,507.37","1,415.28","12.68B","2.47%"
"Aug 30, 2015","1,444.53","1,541.85","1,544.98","1,429.26","12.95B","-6.79%"
"Aug 23, 2015","1,549.80","1,542.25","1,555.85","1,410.94","17.92B","-1.48%"
"Aug 16, 2015","1,573.01","1,670.86","1,678.10","1,573.01","10.49B","-5.49%"
"Aug 09, 2015","1,664.46","1,674.12","1,702.83","1,651.28","11.63B","-0.88%"
"Aug 02, 2015","1,679.19","1,659.68","1,688.07","1,646.89","12.20B","1.19%"
"Jul 26, 2015","1,659.52","1,644.19","1,659.52","1,612.56","11.26B","0.22%"
"Jul 19, 2015","1,655.86","1,672.78","1,674.27","1,653.70","7.78B","-0.43%"
"Jul 12, 2015","1,662.94","1,600.69","1,663.49","1,598.62","10.56B","5.01%"
"Jul 05, 2015","1,583.55","1,626.79","1,645.10","1,526.09","14.31B","-4.15%"
"Jun 28, 2015","1,652.09","1,634.81","1,656.56","1,620.27","11.71B","-0.90%"
"Jun 21, 2015","1,667.03","1,630.87","1,686.61","1,630.87","11.78B","2.21%"
"Jun 14, 2015","1,631.01","1,638.10","1,653.19","1,616.66","10.02B","-1.24%"
"Jun 07, 2015","1,651.48","1,672.69","1,673.16","1,627.11","11.82B","-0.93%"
"May 31, 2015","1,667.06","1,662.55","1,683.19","1,658.99","12.50B","-0.39%"
"May 24, 2015","1,673.65","1,655.80","1,680.39","1,653.17","12.93B","1.57%"
"May 17, 2015","1,647.85","1,612.36","1,656.05","1,611.91","12.52B","2.53%"
"May 10, 2015","1,607.11","1,608.67","1,612.43","1,587.27","13.54B","1.22%"
"May 03, 2015","1,587.76","1,574.61","1,592.59","1,571.43","4.93B","0.14%"
"Apr 26, 2015","1,585.61","1,621.29","1,630.53","1,573.31","8.91B","-2.05%"
"Apr 19, 2015","1,618.84","1,574.90","1,633.81","1,569.29","12.07B","1.90%"
"Apr 12, 2015","1,588.69","1,591.68","1,599.42","1,578.12","10.61B","-0.05%"
"Apr 05, 2015","1,589.54","1,552.45","1,596.81","1,548.59","10.01B","1.62%"
"Mar 29, 2015","1,564.16","1,552.59","1,578.93","1,519.41","11.08B","0.73%"
"Mar 22, 2015","1,552.78","1,586.38","1,594.71","1,538.75","10.99B","-1.75%"
"Mar 15, 2015","1,580.51","1,559.01","1,585.84","1,554.57","10.36B","1.29%"
"Mar 08, 2015","1,560.33","1,534.53","1,566.03","1,515.52","11.25B","1.26%"
"Mar 01, 2015","1,540.84","1,528.77","1,540.85","1,504.45","10.58B","1.11%"
"Feb 22, 2015","1,523.85","1,510.90","1,529.20","1,495.57","12.14B","1.57%"
"Feb 15, 2015","1,500.33","1,459.05","1,501.16","1,453.14","12.57B","3.52%"
"Feb 08, 2015","1,449.38","1,429.93","1,455.26","1,418.85","9.35B","2.27%"
"Feb 01, 2015","1,417.19","1,402.52","1,424.90","1,387.38","12.64B","0.15%"
"Jan 25, 2015","1,415.07","1,387.82","1,433.35","1,387.77","11.43B","0.84%"
"Jan 18, 2015","1,403.22","1,374.41","1,404.10","1,365.08","10.42B","2.90%"
"Jan 11, 2015","1,363.73","1,364.26","1,379.90","1,343.29","9.68B","-1.22%"
"Jan 04, 2015","1,380.58","1,400.87","1,410.26","1,353.43","1.19M","-1.91%"
"Dec 28, 2014","1,407.51","1,433.80","1,433.84","1,407.51","359.95K","-1.40%"
"Dec 21, 2014","1,427.50","1,415.97","1,429.32","1,407.29","755.14K","1.27%"
"Dec 14, 2014","1,409.61","1,383.05","1,409.61","1,346.37","1.25M","0.71%"
"Dec 07, 2014","1,399.65","1,453.89","1,454.22","1,378.62","1.22M","-3.18%"
"Nov 30, 2014","1,445.67","1,413.60","1,445.77","1,413.60","1.09M","2.51%"
"Nov 23, 2014","1,410.34","1,413.27","1,413.27","1,390.60","931.49K","0.73%"
"Nov 16, 2014","1,400.18","1,394.46","1,408.53","1,362.34","1.32M","-0.02%"
"Nov 09, 2014","1,400.41","1,355.14","1,401.50","1,353.42","1.30M","2.69%"
"Nov 02, 2014","1,363.67","1,358.97","1,392.90","1,353.76","1.43M","2.25%"
"Oct 26, 2014","1,333.64","1,251.44","1,338.35","1,246.04","1.27M","7.35%"
"Oct 19, 2014","1,242.32","1,201.17","1,250.74","1,200.84","1.07M","5.53%"
"Oct 12, 2014","1,177.22","1,221.11","1,225.31","1,177.22","1.08M","-5.30%"
"Oct 05, 2014","1,243.09","1,299.03","1,303.80","1,236.81","1.15M","-3.08%"
"Sep 28, 2014","1,282.54","1,340.49","1,340.62","1,273.75","1.12M","-3.71%"
"Sep 21, 2014","1,331.95","1,333.63","1,346.43","1,321.51","854.76K","0.00%"
"Sep 14, 2014","1,331.91","1,311.56","1,335.89","1,304.96","860.01K","1.38%"
"Sep 07, 2014","1,313.72","1,298.57","1,315.92","1,292.59","1.05M","1.59%"
"Aug 31, 2014","1,293.21","1,280.54","1,307.09","1,279.52","1.09M","1.19%"
"Aug 24, 2014","1,277.97","1,291.20","1,292.66","1,275.10","952.89K","-0.63%"
"Aug 17, 2014","1,286.07","1,272.14","1,296.02","1,268.37","903.54K","1.21%"
"Aug 10, 2014","1,270.68","1,247.23","1,272.06","1,241.63","864.78K","3.45%"
"Aug 03, 2014","1,228.26","1,276.80","1,280.93","1,224.85","1.12M","-4.14%"
"Jul 27, 2014","1,281.30","1,279.57","1,300.53","1,278.31","1.02M","-0.00%"
"Jul 20, 2014","1,281.35","1,269.49","1,281.35","1,265.63","813.90K","1.43%"
"Jul 13, 2014","1,263.29","1,256.82","1,280.01","1,253.72","999.87K","0.65%"
"Jul 06, 2014","1,255.19","1,284.08","1,287.34","1,247.66","1.01M","-2.34%"
"Jun 29, 2014","1,285.24","1,257.33","1,289.17","1,250.18","1.07M","2.56%"
"Jun 22, 2014","1,253.15","1,272.32","1,273.33","1,245.20","1.03M","-1.24%"
"Jun 15, 2014","1,268.92","1,241.87","1,273.80","1,230.30","1.11M","2.01%"
"Jun 08, 2014","1,243.97","1,243.01","1,245.53","1,226.20","1.03M","0.76%"
"Jun 01, 2014","1,234.57","1,210.82","1,238.89","1,210.82","1.05M","2.76%"
"May 25, 2014","1,201.41","1,192.01","1,205.60","1,189.09","1.04M","1.78%"
"May 18, 2014","1,180.44","1,159.09","1,186.48","1,143.63","973.20K","1.84%"
"May 11, 2014","1,159.07","1,164.33","1,183.15","1,151.97","983.95K","-0.55%"
"May 04, 2014","1,165.51","1,171.01","1,171.30","1,152.01","583.85K","-1.44%"
"Apr 27, 2014","1,182.48","1,160.01","1,182.48","1,154.72","740.84K","1.07%"
"Apr 20, 2014","1,169.99","1,175.62","1,181.92","1,160.64","915.03K","-0.29%"
"Apr 13, 2014","1,173.37","1,128.07","1,174.16","1,128.07","867.78K","3.46%"
"Apr 06, 2014","1,134.09","1,202.39","1,205.39","1,121.50","1.04M","-6.73%"
"Mar 30, 2014","1,215.89","1,198.84","1,223.26","1,189.30","1.06M","2.48%"
"Mar 23, 2014","1,186.52","1,150.86","1,187.10","1,149.04","1.28M","3.54%"
"Mar 16, 2014","1,145.97","1,158.89","1,180.88","1,145.90","840.88K","-1.61%"
"Mar 09, 2014","1,164.70","1,231.51","1,236.36","1,162.90","1.06M","-5.84%"
"Mar 02, 2014","1,236.97","1,197.77","1,241.88","1,179.59","1.04M","2.09%"
"Feb 23, 2014","1,211.66","1,220.51","1,234.54","1,202.67","1.09M","-0.87%"
"Feb 16, 2014","1,222.31","1,184.18","1,226.38","1,172.53","1.21M","3.25%"
"Feb 09, 2014","1,183.82","1,206.02","1,225.67","1,173.95","972.78K","-0.45%"
"Feb 02, 2014","1,189.14","1,212.97","1,217.94","1,139.27","1.63M","-2.58%"
"Jan 26, 2014","1,220.64","1,240.02","1,256.36","1,211.22","1.45M","-3.48%"
"Jan 19, 2014","1,264.60","1,299.29","1,306.99","1,258.63","1.33M","-2.53%"
"Jan 12, 2014","1,297.39","1,279.43","1,308.08","1,266.07","1.16M","-0.08%"
"Jan 05, 2014","1,298.48","1,297.79","1,306.23","1,281.64","1.50M","-0.29%"
"Dec 29, 2013","1,302.29","1,298.87","1,302.87","1,295.46","291.02K","0.95%"
"Dec 22, 2013","1,290.07","1,265.14","1,290.35","1,251.86","1.05M","2.25%"
"Dec 15, 2013","1,261.64","1,237.17","1,268.39","1,222.20","1.21M","1.84%"
"Dec 08, 2013","1,238.88","1,251.88","1,257.67","1,231.54","1.24M","0.25%"
"Dec 01, 2013","1,235.83","1,260.97","1,266.66","1,225.96","1.21M","-1.81%"
"Nov 24, 2013","1,258.66","1,256.25","1,261.04","1,245.86","1.18M","0.81%"
"Nov 17, 2013","1,248.57","1,246.49","1,258.21","1,230.95","1.28M","0.77%"
"Nov 10, 2013","1,239.04","1,190.36","1,241.38","1,180.94","1.37M","5.32%"
"Nov 03, 2013","1,176.42","1,192.04","1,198.07","1,171.20","969.46K","-0.56%"
"Oct 27, 2013","1,183.03","1,190.20","1,207.60","1,177.81","1.42M","0.40%"
"Oct 20, 2013","1,178.28","1,210.26","1,222.56","1,178.28","1.14M","-2.26%"
"Oct 13, 2013","1,205.52","1,204.85","1,212.62","1,193.17","792.91K","0.70%"
"Oct 06, 2013","1,197.17","1,164.52","1,201.56","1,138.75","1.21M","2.87%"
"Sep 29, 2013","1,163.82","1,200.15","1,205.16","1,156.34","1.32M","-4.41%"
"Sep 22, 2013","1,217.52","1,208.67","1,223.12","1,191.63","1.21M","-0.12%"
"Sep 15, 2013","1,218.98","1,190.55","1,221.80","1,181.56","1.39M","2.84%"
"Sep 08, 2013","1,185.28","1,169.80","1,199.30","1,166.97","1.69M","3.26%"
"Sep 01, 2013","1,147.82","1,109.41","1,163.21","1,107.90","1.12M","3.78%"
"Aug 25, 2013","1,106.05","1,145.91","1,147.94","1,103.94","931.09K","-3.12%"
"Aug 18, 2013","1,141.63","1,142.42","1,150.02","1,111.52","973.39K","-0.09%"
"Aug 11, 2013","1,142.65","1,132.07","1,171.34","1,129.50","979.73K","0.15%"
"Aug 04, 2013","1,140.91","1,186.91","1,193.66","1,136.35","1.12M","-4.62%"
"Jul 28, 2013","1,196.17","1,148.69","1,196.17","1,127.01","1.30M","2.49%"
"Jul 21, 2013","1,167.06","1,222.75","1,224.91","1,164.81","1.19M","-3.71%"
"Jul 14, 2013","1,211.98","1,209.68","1,232.02","1,198.58","1.22M","0.83%"
"Jul 07, 2013","1,201.99","1,201.34","1,206.14","1,172.58","1.43M","1.13%"
"Jun 30, 2013","1,188.58","1,143.96","1,188.58","1,131.26","1.35M","4.83%"
"Jun 23, 2013","1,133.84","1,112.31","1,139.76","1,065.27","1.34M","3.13%"
"Jun 16, 2013","1,099.40","1,051.26","1,112.05","1,049.67","1.39M","4.07%"
"Jun 09, 2013","1,056.45","1,078.08","1,119.82","1,040.31","1.68M","-0.05%"
"Jun 02, 2013","1,056.95","1,122.10","1,139.22","1,033.02","2.24M","-6.94%"
"May 26, 2013","1,135.78","1,176.92","1,195.71","1,129.07","2.07M","-4.88%"
"May 19, 2013","1,194.08","1,266.40","1,289.77","1,149.42","3.10M","-4.72%"
"May 12, 2013","1,253.24","1,222.23","1,259.63","1,222.10","2.50M","3.52%"
"May 05, 2013","1,210.60","1,174.02","1,212.33","1,174.02","1.54M","4.97%"
"Apr 28, 2013","1,153.28","1,164.30","1,169.64","1,147.52","920.92K","-0.68%"
"Apr 21, 2013","1,161.19","1,144.42","1,176.36","1,140.83","2.17M","3.06%"
"Apr 14, 2013","1,126.67","1,138.08","1,145.48","1,106.18","2.03M","-1.91%"
"Apr 07, 2013","1,148.57","1,084.40","1,150.06","1,083.81","2.46M","7.72%"
"Mar 31, 2013","1,066.24","1,031.75","1,088.36","971.33","2.05M","3.05%"
"Mar 24, 2013","1,034.71","1,050.62","1,051.74","1,028.66","1.37M","-0.37%"
"Mar 17, 2013","1,038.57","1,039.25","1,061.75","1,028.34","1.23M","-1.24%"
"Mar 10, 2013","1,051.65","1,030.58","1,052.55","1,028.37","1.86M","3.05%"
"Mar 03, 2013","1,020.50","991.70","1,021.85","987.48","1.72M","3.67%"
"Feb 24, 2013","984.33","977.48","986.06","953.72","1.66M","2.16%"
"Feb 17, 2013","963.48","952.84","976.17","948.58","1.47M","2.24%"
"Feb 10, 2013","942.41","971.18","978.44","930.04","1.61M","-1.56%"
"Feb 03, 2013","957.35","949.34","974.51","939.70","2.32M","1.56%"
"Jan 27, 2013","942.65","924.28","948.35","910.42","1.71M","2.79%"
"Jan 20, 2013","917.09","913.85","917.23","881.43","1.72M","0.62%"
"Jan 13, 2013","911.44","908.06","911.44","877.35","1.49M","1.42%"
"Jan 06, 2013","898.69","895.11","901.98","862.62","1.84M","1.15%"
"Dec 30, 2012","888.51","876.97","888.53","876.83","340.95K","3.34%"
"Dec 23, 2012","859.80","843.89","861.57","836.05","1.14M","3.25%"
"Dec 16, 2012","832.72","811.86","850.31","806.87","1.77M","3.95%"
"Dec 09, 2012","801.04","793.90","803.13","783.45","1.15M","1.37%"
"Dec 02, 2012","790.24","785.48","791.70","776.83","954.68K","1.12%"
"Nov 25, 2012","781.46","784.74","787.74","771.39","1.01M","0.65%"
"Nov 18, 2012","776.43","760.82","777.09","760.23","778.44K","3.34%"
"Nov 11, 2012","751.34","726.69","752.51","718.36","894.67K","2.82%"
"Nov 04, 2012","730.74","748.35","750.98","727.38","794.36K","-2.84%"
"Oct 28, 2012","752.09","742.25","752.79","733.46","901.12K","1.47%"
"Oct 21, 2012","741.23","744.58","757.59","740.79","830.73K","-1.74%"
"Oct 14, 2012","754.39","717.66","755.13","714.84","885.54K","5.02%"
"Oct 07, 2012","718.32","733.79","736.14","710.32","666.99K","-2.55%"
"Sep 30, 2012","737.13","732.78","738.98","725.61","724.89K","-0.04%"
"Sep 23, 2012","737.42","754.37","757.66","734.02","800.47K","-2.51%"
"Sep 16, 2012","756.38","757.66","769.54","752.96","738.15K","-0.07%"
"Sep 09, 2012","756.88","734.49","759.25","727.74","809.65K","2.95%"
"Sep 02, 2012","735.17","731.87","738.02","715.05","804.82K","0.48%"
"Aug 26, 2012","731.64","761.73","762.59","731.64","706.12K","-3.38%"
"Aug 19, 2012","757.23","768.92","769.79","755.07","636.12K","-1.12%"
"Aug 12, 2012","765.81","745.78","765.92","743.15","759.79K","2.55%"
"Aug 05, 2012","746.79","734.20","753.88","733.12","854.54K","3.16%"
"Jul 29, 2012","723.94","733.49","738.42","720.03","818.20K","-0.34%"
"Jul 22, 2012","726.44","726.53","729.21","703.31","840.68K","-1.01%"
"Jul 15, 2012","733.82","747.61","750.40","733.03","618.06K","-1.68%"
"Jul 08, 2012","746.34","764.17","769.70","744.75","764.17K","-3.30%"
"Jul 01, 2012","771.83","778.66","781.94","768.33","765.15K","0.23%"
"Jun 24, 2012","770.08","755.19","773.21","734.41","848.50K","2.55%"
"Jun 17, 2012","750.92","738.53","756.35","732.93","779.12K","3.35%"
"Jun 10, 2012","726.57","728.99","733.87","716.97","730.73K","1.23%"
"Jun 03, 2012","717.74","695.67","730.75","692.18","973.14K","1.24%"
"May 27, 2012","708.93","723.01","727.03","706.91","875.81K","-1.83%"
"May 20, 2012","722.11","724.01","734.93","716.49","831.02K","-0.47%"
"May 13, 2012","725.54","758.98","762.80","722.96","983.37K","-4.33%"
"May 06, 2012","758.38","777.85","778.42","758.27","909.06K","-4.35%"
"Apr 29, 2012","792.87","801.76","801.97","788.46","297.63K","-1.42%"
"Apr 22, 2012","804.27","814.41","819.37","800.55","824.15K","-0.94%"
"Apr 15, 2012","811.94","806.99","820.42","802.72","789.56K","-0.43%"
"Apr 08, 2012","815.48","815.36","822.05","800.57","957.78K","-1.24%"
"Apr 01, 2012","825.71","862.07","863.23","823.61","980.41K","-3.35%"
"Mar 25, 2012","854.35","854.41","872.42","851.63","992.37K","0.21%"
"Mar 18, 2012","852.53","868.38","870.35","852.31","781.36K","-1.64%"
"Mar 11, 2012","866.73","854.37","866.73","845.28","1.20M","2.12%"
"Mar 04, 2012","848.71","836.44","853.35","815.85","1.23M","1.30%"
"Feb 26, 2012","837.82","841.45","847.83","825.81","1.29M","0.42%"
"Feb 19, 2012","834.29","821.45","835.10","814.61","1.23M","2.94%"
"Feb 12, 2012","810.45","777.45","815.45","777.42","1.22M","4.03%"
"Feb 05, 2012","779.07","770.01","786.05","768.54","1.18M","2.42%"
"Jan 29, 2012","760.69","758.56","766.13","753.84","1.04M","-0.06%"
"Jan 22, 2012","761.13","755.41","769.36","753.83","994.66K","0.75%"
"Jan 15, 2012","755.47","728.54","757.10","722.85","1.02M","2.84%"
"Jan 08, 2012","734.60","732.95","736.26","725.28","640.06K","0.69%"
"Jan 01, 2012","729.60","737.52","744.30","725.97","423.94K","0.14%"
"Dec 25, 2011","728.61","730.21","730.21","716.82","453.04K","0.76%"
"Dec 18, 2011","723.12","720.38","727.60","712.27","503.75K","-0.06%"
"Dec 11, 2011","723.56","747.73","749.29","722.75","769.75K","-1.97%"
"Dec 04, 2011","738.12","748.99","750.61","735.99","914.44K","-0.81%"
"Nov 27, 2011","744.14","714.09","746.44","713.98","826.13K","5.31%"
"Nov 20, 2011","706.60","716.87","719.50","703.88","573.72K","-1.86%"
"Nov 13, 2011","719.98","738.04","739.91","717.61","695.97K","-1.25%"
"Nov 06, 2011","729.13","749.96","750.45","726.24","872.40K","-3.04%"
"Oct 30, 2011","752.02","768.55","779.08","737.21","668.45K","-2.52%"
"Oct 23, 2011","771.43","749.25","777.39","736.50","820.82K","3.66%"
"Oct 16, 2011","744.21","759.36","763.85","741.87","669.91K","-0.61%"
"Oct 09, 2011","748.81","752.38","762.02","747.25","623.12K","0.98%"
"Oct 02, 2011","741.55","748.80","749.67","724.77","930.56K","-2.58%"
"Sep 25, 2011","761.17","744.06","765.89","727.33","1.00M","2.23%"
"Sep 18, 2011","744.54","760.62","760.74","740.85","456.23K","-3.07%"
"Sep 11, 2011","768.13","742.61","768.42","738.80","877.24K","1.64%"
"Sep 04, 2011","755.70","760.77","763.08","740.39","912.78K","-1.83%"
"Aug 28, 2011","769.78","757.21","780.99","751.53","906.46K","1.81%"
"Aug 21, 2011","756.07","748.51","759.40","740.51","1.02M","0.58%"
"Aug 14, 2011","751.69","778.07","783.95","749.45","856.63K","-2.15%"
"Aug 07, 2011","768.19","789.59","791.94","744.46","1.19M","-4.09%"
"Jul 31, 2011","800.96","847.12","858.53","794.16","988.69K","-4.80%"
"Jul 24, 2011","841.37","866.12","869.84","841.37","850.03K","-3.16%"
"Jul 17, 2011","868.81","854.81","870.71","852.89","661.12K","1.10%"
"Jul 10, 2011","859.36","869.49","873.01","853.37","833.93K","-1.71%"
"Jul 03, 2011","874.34","863.50","879.48","862.00","916.65K","2.40%"
"Jun 26, 2011","853.86","831.21","856.79","824.64","858.25K","2.48%"
"Jun 19, 2011","833.20","807.88","834.37","805.94","862.61K","3.46%"
"Jun 12, 2011","805.34","808.95","827.35","801.78","909.34K","-1.47%"
"Jun 05, 2011","817.38","814.57","823.79","805.23","959.42K","0.10%"
"May 29, 2011","816.57","823.05","839.59","816.34","938.88K","-1.01%"
"May 22, 2011","824.90","824.05","830.22","812.52","821.70K","-0.35%"
"May 15, 2011","827.77","833.98","843.23","823.99","887.29K","-1.45%"
"May 08, 2011","839.94","859.83","864.19","833.19","1.05M","-1.93%"
"May 01, 2011","856.50","861.60","866.65","851.17","374.57K","0.55%"
"Apr 24, 2011","851.85","842.88","851.85","831.80","693.62K","1.15%"
"Apr 17, 2011","842.18","841.98","845.13","824.61","872.28K","0.11%"
"Apr 10, 2011","841.29","850.75","856.01","835.11","1.07M","-1.39%"
"Apr 03, 2011","853.13","867.33","868.72","833.06","1.29M","-1.10%"
"Mar 27, 2011","862.62","858.77","874.35","839.04","1.43M","0.61%"
"Mar 20, 2011","857.38","848.12","869.95","847.17","1.41M","3.25%"
"Mar 13, 2011","830.39","896.68","896.79","725.90","2.30M","-9.30%"
"Mar 06, 2011","915.51","950.22","951.39","915.12","1.14M","-4.19%"
"Feb 27, 2011","955.59","941.51","964.18","935.63","1.11M","1.45%"
"Feb 20, 2011","941.93","972.56","974.64","932.35","1.19M","-3.25%"
"Feb 13, 2011","973.60","954.24","976.28","953.92","1.13M","2.85%"
"Feb 06, 2011","946.63","943.14","951.28","938.57","865.50K","1.20%"
"Jan 30, 2011","935.36","908.30","940.80","904.25","1.09M","1.70%"
"Jan 23, 2011","919.69","914.79","931.49","909.78","959.77K","0.97%"
"Jan 16, 2011","910.85","936.61","938.03","909.14","1.08M","-2.09%"
"Jan 09, 2011","930.31","923.71","939.70","923.03","934.42K","0.42%"
"Jan 02, 2011","926.42","909.44","928.27","906.86","806.45K","3.07%"
"Dec 26, 2010","898.80","901.47","908.01","897.74","511.43K","-0.32%"
"Dec 19, 2010","901.66","903.79","909.67","895.28","653.42K","-0.16%"
"Dec 12, 2010","903.14","887.54","907.80","886.38","1.06M","1.68%"
"Dec 05, 2010","888.22","879.49","896.37","875.77","1.04M","1.02%"
"Nov 28, 2010","879.22","868.69","884.63","858.87","903.96K","1.43%"
"Nov 21, 2010","866.81","877.04","878.64","858.81","746.33K","-0.31%"
"Nov 14, 2010","869.52","851.62","877.06","840.17","965.03K","2.66%"
"Nov 07, 2010","846.98","840.67","858.52","836.79","938.34K","1.44%"
"Oct 31, 2010","834.98","806.55","839.56","799.64","715.69K","2.97%"
"Oct 24, 2010","810.91","824.31","826.44","803.54","887.73K","-1.69%"
"Oct 17, 2010","824.88","827.21","837.74","815.67","825.33K","-0.18%"
"Oct 10, 2010","826.38","844.69","844.85","821.83","785.18K","-1.56%"
"Oct 03, 2010","839.44","830.35","850.13","817.07","1.15M","1.14%"
"Sep 26, 2010","829.97","844.88","849.58","823.90","895.69K","-1.01%"
"Sep 19, 2010","838.41","858.32","858.77","835.36","492.44K","-1.61%"
"Sep 12, 2010","852.09","840.20","856.85","828.89","885.15K","2.20%"
"Sep 05, 2010","833.72","829.48","841.17","817.21","804.04K","1.22%"
"Aug 29, 2010","823.70","830.38","840.68","800.69","775.19K","0.50%"
"Aug 22, 2010","819.62","826.67","828.48","804.34","769.42K","-1.20%"
"Aug 15, 2010","829.59","823.05","843.98","820.34","741.18K","-0.20%"
"Aug 08, 2010","831.24","853.33","862.27","816.78","780.90K","-3.48%"
"Aug 01, 2010","861.17","851.45","864.25","844.38","839.85K","1.37%"
"Jul 25, 2010","849.50","848.79","866.26","844.37","897.76K","0.98%"
"Jul 18, 2010","841.29","829.84","844.37","822.02","843.49K","0.08%"
"Jul 11, 2010","840.58","859.21","874.25","838.78","905.56K","-2.40%"
"Jul 04, 2010","861.21","833.71","864.30","825.26","827.32K","3.64%"
"Jun 27, 2010","830.98","867.27","867.44","825.06","823.53K","-4.19%"
"Jun 20, 2010","867.30","891.86","904.03","864.40","848.03K","-1.96%"
"Jun 13, 2010","884.64","875.29","894.83","874.91","779.87K","2.10%"
"Jun 06, 2010","866.44","874.36","874.46","846.47","1.04M","-2.66%"
"May 30, 2010","890.16","876.60","895.09","867.20","934.16K","1.32%"
"May 23, 2010","878.52","878.42","884.98","850.88","1.19M","-0.13%"
"May 16, 2010","879.69","926.55","928.92","872.48","1.20M","-6.06%"
"May 09, 2010","936.45","930.54","954.34","927.98","1.26M","0.51%"
"May 02, 2010","931.74","970.44","970.46","921.36","570.15K","-5.60%"
"Apr 25, 2010","987.04","987.35","997.63","973.57","899.97K","0.90%"
"Apr 18, 2010","978.20","974.43","987.61","968.79","1.04M","-1.08%"
"Apr 11, 2010","988.84","996.34","1,001.77","982.59","1.15M","-0.06%"
"Apr 04, 2010","989.42","996.05","998.97","983.73","1.07M","0.00%"
"Mar 28, 2010","989.39","958.19","991.06","957.86","1.07M","2.35%"
"Mar 21, 2010","966.72","948.10","966.72","947.13","766.58K","1.87%"
"Mar 14, 2010","948.93","940.81","949.01","935.20","929.34K","1.34%"
"Mar 07, 2010","936.38","923.56","937.50","921.74","963.69K","2.81%"
"Feb 28, 2010","910.81","895.23","913.18","893.81","808.02K","1.87%"
"Feb 21, 2010","894.10","902.76","914.76","889.26","844.68K","0.56%"
"Feb 14, 2010","889.08","892.72","907.36","882.98","834.30K","-0.35%"
"Feb 07, 2010","892.16","887.90","892.87","876.77","807.12K","0.04%"
"Jan 31, 2010","891.78","900.38","921.90","888.73","1.06M","-1.04%"
"Jan 24, 2010","901.12","930.64","938.73","901.12","1.08M","-4.23%"
"Jan 17, 2010","940.94","957.72","960.81","932.41","1.26M","-2.63%"
"Jan 10, 2010","966.40","940.61","966.40","940.61","1.20M","2.67%"
"Jan 03, 2010","941.29","912.48","941.81","912.48","1.06M","3.71%"
"Dec 27, 2009","907.59","910.91","920.54","907.59","473.51K","-0.20%"
"Dec 20, 2009","909.39","896.68","914.73","891.48","692.64K","1.77%"
"Dec 13, 2009","893.59","890.48","903.89","877.60","1.05M","0.56%"
"Dec 06, 2009","888.57","898.86","903.65","870.47","1.09M","-0.11%"
"Nov 29, 2009","889.58","819.37","890.62","818.86","1.22M","9.69%"
"Nov 22, 2009","811.01","839.34","839.40","809.24","797.80K","-3.30%"
"Nov 15, 2009","838.71","865.21","865.37","829.98","1.07M","-3.24%"
"Nov 08, 2009","866.80","871.86","882.21","862.06","863.95K","-0.82%"
"Nov 01, 2009","874.01","884.08","884.08","872.01","731.52K","-2.31%"
"Oct 25, 2009","894.67","903.50","914.62","874.19","1.00M","-0.82%"
"Oct 18, 2009","902.03","895.70","914.96","893.57","952.91K","0.12%"
"Oct 11, 2009","900.95","903.29","909.41","890.77","797.98K","0.35%"
"Oct 04, 2009","897.83","875.10","897.92","863.78","1.03M","2.65%"
"Sep 27, 2009","874.67","911.41","912.66","871.52","956.22K","-5.20%"
"Sep 20, 2009","922.67","941.79","954.22","919.81","432.45K","-1.79%"
"Sep 13, 2009","939.44","946.68","946.68","925.50","964.37K","-1.15%"
"Sep 06, 2009","950.41","943.27","959.94","935.18","1.02M","1.57%"
"Aug 30, 2009","935.74","974.87","987.27","933.33","944.93K","-3.46%"
"Aug 23, 2009","969.31","960.40","977.54","955.68","957.53K","2.32%"
"Aug 16, 2009","947.34","968.15","968.15","938.81","1.03M","-2.69%"
"Aug 09, 2009","973.57","967.02","975.88","959.87","969.96K","1.76%"
"Aug 02, 2009","956.76","953.53","970.56","942.72","1.03M","0.68%"
"Jul 26, 2009","950.26","927.44","950.38","925.38","1.02M","3.24%"
"Jul 19, 2009","920.48","889.12","921.65","889.12","900.23K","4.80%"
"Jul 12, 2009","878.29","867.73","886.37","852.11","1.07M","0.66%"
"Jul 05, 2009","872.50","915.32","919.40","870.24","994.91K","-5.23%"
"Jun 28, 2009","920.62","925.89","940.06","908.77","1.05M","-0.67%"
"Jun 21, 2009","926.80","921.02","928.88","897.25","1.09M","0.85%"
"Jun 14, 2009","918.97","952.88","952.99","906.29","1.26M","-3.32%"
"Jun 07, 2009","950.54","923.25","954.08","916.90","1.46M","3.71%"
"May 31, 2009","916.56","898.35","923.89","895.56","1.22M","2.08%"
